,Data,Accuracy,Precision,Recall,F1 Score
0,train,0.9966730667372882,0.9966732658878409,0.9966730667372882,0.9966725952881105
1,test,0.9748742055084746,0.975093789937903,0.9748742055084746,0.9747334187820099
