,Data,Accuracy,Precision,Recall,F1 Score
0,train,0.9859433962264151,0.985960484746737,0.9859433962264151,0.9858893941376647
1,test,0.8673307674892461,0.8633434951750256,0.8673307674892461,0.8638394337261444
